email,firstname,lastname,address,city,state,pincode,mobile
kuldeep@18thtechnology.co.in,sachin,singh,"15/16, 4th Cross, Ashoka Pillar Rd
Jayanagar 1st Block,",Ghazibad,Uttar Pradesh,201005,9813446464
,asfsd,singh,asdgasgasgas,singh,singh,234566,9813446464
kuldeep@18thtffffology.co.in,singh,singh,"15/16, 4th Cross, Ashoka Pillar Rd
Jayanagar 1st Block,",Ghazibad,Uttar Pradesh,201005,9813446464
kuldeep@1sddschnology.co.in,sachin,singh,"15/16, 4th Cross, Ashoka Pillar Rd
Jayanagar 1st Block,",Ghazibad,Uttar Pradesh,201005,9813446464
kuldeep@1sddschnology.co.in,sachin,singh,"15/16, 4th Cross, Ashoka Pillar Rd
Jayanagar 1st Block,",,Uttar Pradesh,201005,9813446464
